{
"lengthUnit": "mil",
"remark": [],
"components": {
	"fields": ["COMPONENT_NO", "COMPONENT_NAME", "LAYER", "X_COORDINATE", "Y_COORDINATE", "ANGLE"],
	"rows": [
		[1, "1", "T", 80, 1005, 90],
		[2, "C1", "T", -1090, 1135, 0],
		[3, "LED1", "T", -1420, 685, 0],
		[4, "LED2", "T", -1552.45, 953.2, 0],
		[5, "LED3", "T", -1120, 875, 0],
		[6, "R1", "T", -780, 920, 0],
		[7, "U1", "T", -770, 1155, 90],
		[8, "PAD1", "T", -445, 980, 0],
		[9, "PAD2", "T", -295, 1030, 0],
		[10, "PAD2", "B", -295, 1030, 0],
		[11, "PAD3", "T", -1062.44, 1135, 0],
		[12, "PAD4", "T", -1117.56, 1135, 0],
		[13, "PAD5", "T", -1461.35, 685, 0],
		[14, "PAD6", "T", -1378.65, 685, 0],
		[15, "PAD7", "T", -750.34, 920, 0],
		[16, "PAD8", "T", -809.66, 920, 0],
		[17, "PAD9", "T", -770, 1131.38, 0],
		[18, "PAD10", "T", -795.59, 1135.32, 0],
		[19, "PAD11", "T", -795.59, 1155, 0],
		[20, "PAD12", "T", -744.41, 1155, 0],
		[21, "PAD13", "T", -744.41, 1135.32, 0],
		[22, "PAD14", "T", -1593.8, 953.2, 0],
		[23, "PAD15", "T", -1511.1, 953.2, 0],
		[24, "PAD16", "T", -1161.35, 875, 0],
		[25, "PAD17", "T", -1078.65, 875, 0]
	]
},
"pins": {
	"fields": ["PIN_NO", "PIN_NAME", "PIN_X", "PIN_Y", "LAYER", "PIN_TYPE", "NET_NAME", "NET_TYPE", "PAD_SHAPE", "PAD_SIZEX", "PAD_SIZEY", "HOLE_SIZE", "HOLE_LEN", "PAD_ANGLE"],
	"rows": [
		[1, "1_P$1", -445, 980, "T", "SMD", "$1N1078", "", "R", 29.53, 11.81, 0, 0, 180],
		[2, "1_P$2", -295, 1030, "T", "DIP", "$1N1085", "", "C", 31.81, 31.81, 11.82, 11.83, 90],
		[3, "1_P$2", -295, 1030, "B", "DIP", "$1N1085", "", "C", 31.81, 31.81, 11.82, 11.83, 90],
		[4, "C1_1", -1117.56, 1135, "T", "SMD", "$1N1957", "", "R", 31.496, 35.433, 0, 0, 360],
		[5, "C1_2", -1062.44, 1135, "T", "SMD", "$1N1889", "", "R", 31.496, 35.433, 0, 0, 360],
		[6, "LED1_1", -1378.65, 685, "T", "SMD", "$1N2043", "", "R", 39.37, 55.1, 0, 0, 180],
		[7, "LED1_2", -1461.35, 685, "T", "SMD", "$1N1948", "", "R", 39.37, 55.1, 0, 0, 180],
		[8, "LED2_1", -1511.1, 953.2, "T", "SMD", "$1N1948", "", "R", 39.37, 55.1, 0, 0, 180],
		[9, "LED2_2", -1593.8, 953.2, "T", "SMD", "$1N1957", "", "R", 39.37, 55.1, 0, 0, 180],
		[10, "LED3_1", -1078.65, 875, "T", "SMD", "$1N2047", "", "R", 39.37, 55.1, 0, 0, 180],
		[11, "LED3_2", -1161.35, 875, "T", "SMD", "$1N2043", "", "R", 39.37, 55.1, 0, 0, 180],
		[12, "R1_1", -809.66, 920, "T", "SMD", "$1N2047", "", "R", 31.751, 34.016, 0, 0, 0],
		[13, "R1_2", -750.34, 920, "T", "SMD", "$1N1889", "", "R", 31.751, 34.016, 0, 0, 0],
		[14, "U1_1", -744.41, 1135.32, "T", "SMD", "$1N1085", "", "R", 19.685, 11.024, 0, 0, 180],
		[15, "U1_2", -744.41, 1155, "T", "SMD", "$1N1957", "", "R", 19.685, 11.024, 0, 0, 180],
		[16, "U1_3", -744.41, 1174.68, "T", "SMD", "NET_1", "", "R", 19.685, 11.024, 0, 0, 180],
		[17, "U1_4", -770, 1178.62, "T", "SMD", "NET_2", "", "R", 17.717, 11.811, 0, 0, 270],
		[18, "U1_5", -795.59, 1174.69, "T", "SMD", "NET_3", "", "R", 19.685, 11.024, 0, 0, 180],
		[19, "U1_6", -795.59, 1155, "T", "SMD", "$1N1889", "", "R", 19.685, 11.024, 0, 0, 180],
		[20, "U1_7", -795.59, 1135.32, "T", "SMD", "$1N1889", "", "R", 19.685, 11.024, 0, 0, 180],
		[21, "U1_8", -770, 1131.38, "T", "SMD", "$1N1078", "", "R", 17.717, 11.811, 0, 0, 270],
		[22, "PAD1_P$1", -445, 980, "T", "SMD", "$1N1078", "", "R", 29.53, 11.81, 0, 0, 180],
		[23, "PAD2_P$2", -295, 1030, "T", "DIP", "$1N1085", "", "C", 31.81, 31.81, 11.82, 11.83, 90],
		[24, "PAD2_P$2", -295, 1030, "B", "DIP", "$1N1085", "", "C", 31.81, 31.81, 11.82, 11.83, 90],
		[25, "PAD3_2", -1062.44, 1135, "T", "SMD", "$1N1889", "", "R", 31.496, 35.433, 0, 0, 360],
		[26, "PAD4_1", -1117.56, 1135, "T", "SMD", "$1N1957", "", "R", 31.496, 35.433, 0, 0, 360],
		[27, "PAD5_2", -1461.35, 685, "T", "SMD", "$1N1948", "", "R", 39.37, 55.1, 0, 0, 180],
		[28, "PAD6_1", -1378.65, 685, "T", "SMD", "$1N2043", "", "R", 39.37, 55.1, 0, 0, 180],
		[29, "PAD7_2", -750.34, 920, "T", "SMD", "$1N1889", "", "R", 31.751, 34.016, 0, 0, 0],
		[30, "PAD8_1", -809.66, 920, "T", "SMD", "$1N2047", "", "R", 31.751, 34.016, 0, 0, 0],
		[31, "PAD9_8", -770, 1131.38, "T", "SMD", "$1N1078", "", "R", 17.717, 11.811, 0, 0, 270],
		[32, "PAD10_7", -795.59, 1135.32, "T", "SMD", "$1N1889", "", "R", 19.685, 11.024, 0, 0, 180],
		[33, "PAD11_6", -795.59, 1155, "T", "SMD", "$1N1889", "", "R", 19.685, 11.024, 0, 0, 180],
		[34, "PAD12_2", -744.41, 1155, "T", "SMD", "$1N1957", "", "R", 19.685, 11.024, 0, 0, 180],
		[35, "PAD13_1", -744.41, 1135.32, "T", "SMD", "$1N1085", "", "R", 19.685, 11.024, 0, 0, 180],
		[36, "PAD14_2", -1593.8, 953.2, "T", "SMD", "$1N1957", "", "R", 39.37, 55.1, 0, 0, 180],
		[37, "PAD15_1", -1511.1, 953.2, "T", "SMD", "$1N1948", "", "R", 39.37, 55.1, 0, 0, 180],
		[38, "PAD16_2", -1161.35, 875, "T", "SMD", "$1N2043", "", "R", 39.37, 55.1, 0, 0, 180],
		[39, "PAD17_1", -1078.65, 875, "T", "SMD", "$1N2047", "", "R", 39.37, 55.1, 0, 0, 180]
	]
}
}